<resources>
    <string name="app_name">皮克方</string>
    <string name="loading">加载中</string>
    <string name="alivc_common_loading">玩命加载..</string>
    <string name="network_is_not">网络不可用</string>
    <string name="BAD_NETWORK_MSG">网络问题</string>
    <string name="CONNECT_ERROR_MSG">连接错误</string>
    <string name="CONNECT_TIMEOUT_MSG">连接超时</string>
    <string name="loading_timeout_msg">加载超时</string>
    <string name="loading_timeout_network_setting">网络连接失败，请检查网络设置</string>
    <string name="network_not">没有网络</string>
    <string name="network_is_not_andrefresh">请连接到互联网和刷新</string>
    <string name="PARSE_ERROR_MSG">解析数据失败</string>
    <string name="OTHER_MSG">未知错误</string>
    <string name="comma">,</string>
    <string name="IOExceptionEncodeCookie">IOException in encodeCookie</string>
    <string name="IOExceptionDecodeCookie">IOException in decodeCookie</string>
    <string name="ClassNotFoundException">ClassNotFoundException in decodeCookie</string>
    <string name="MEDIA_TYPE">application/json; charset=UTF-8</string>
    <string name="gsonIsNull">gson == null</string>
    <string name="loginFail">登录失效，请重新登录</string>
    <string name="video_does_not_exist">视频不存在</string>
    <string name="open_stream_failed">打开流失败</string>
    <string name="cancel_upload">取消上传</string>
    <string name="download_success">下载成功</string>
    <string name="download_failed">下载失败</string>
    <string name="alivc_little_main_dialog_upload_failed">上传失败</string>
    <string name="setting_success">设置成功</string>
    <string name="setting_fail">设置失败</string>
    <string name="refrsh_xia">刷新一下</string>
    <string name="setting_success_desc">设置域名信息成功,现在选择图片然后上传图片</string>
    <string name="download_progress">下载进度</string>
    <string name="upload_progress">上传进度</string>
    <string name="use_selfsigned_access_network_object_success">使用自签名获取网络对象成功！</string>
    <string name="please_enter_the_name_of_the_bucket">请输入bucket名称</string>
    <string name="setting_language_auto">跟随系统</string>
    <string name="setting_language_english">英语</string>
    <string name="setting_simplified_chinese">简体中文</string>
    <string name="setting_traditional_chinese">繁體中文</string>
    <!--main menu-->
    <string name="daily">每日</string>
    <string name="square">广场</string>
    <string name="message">消息</string>
    <string name="mymine">我的</string>
    <!--main menu-->
    <string name="an">展开</string>
    <string name="a_reply">条回复</string>
    <string name="reply">回复</string>
    <string name="liulan">浏览</string>
    <string name="more_gengduo">更多</string>
    <string name="more_reply">展开更多回复</string>
    <string name="not_more_reply">没有更多回复了</string>
    <string name="add_xinbaobei">新增宝贝</string>

    <string name="exceeded_maximum_count_limit">超过最大字数限制</string>
    <string name="say_something_to_comment">说点什么再评论吧</string>
    <string name="say_something_to_text">请输入文字</string>
    <string name="privacy_tips">欢迎使用皮克方APP !我们非常重视您的个人信息和隐私保护。
    为了更好地保障您的个人权益，在您使用我们的产品前，
    \n
    请务必审慎阅读《隐私政策》和《用户协议》内的所有条款，
    您点击同意并继续的行为即表示您已阅读完毕并同意以上协议的全部内容。
    \n
    如您同意以上协议内容，请点击同意并继续，开始使用我们的产品和服务!</string>

    <string name="user_agreement">用户协议</string>
    <string name="privacy_policy">隐私政策</string>
    <string name="pick_official_website">皮克方官网</string>
    <string name="privacy_tips_key1">《用户协议》</string>
    <string name="privacy_tips_key2">《隐私政策》</string>
    <string name="delete">删除</string>
    <string name="shide">是的</string>
    <string name="cancel">取消</string>
    <string name="queding">确定</string>
    <string name="toreport">举报</string>
    <string name="tongyi">同意</string>
    <string name="shielding">拉黑</string>
    <string name="unblock">解除拉黑</string>
    <string name="collection">收藏</string>
    <string name="cancel_the_collection">取消收藏</string>
    <string name="isapplying_for_sharing">正在申请共享 </string>
    <string name="theequipment">的设备 </string>
    <string name="tianjia">添加 </string>
    <string name="saved_to_photo_albums">截屏成功，已保存至相册</string>
    <string name="xiazaisaved_to_photo_albums">下载成功，已保存至相册</string>
    <string name="individuality_signature">个性签名</string>
    <string name="jiehao_ziji">介绍一下你自己</string>
    <string name="genghuan_beijing">更换背景</string>
    <string name="genghuan_zhuye_beijing">更换主页背景</string>
    <string name="add_topic">添加话题</string>
    <string name="add_moretopic">最多添加三个话题</string>
    <string name="again_moretopic">您已添加此话题，请重新选择</string>
    <string name="alivc_little_user_setting_finish">完成</string>
    <string name="save">保存</string>
    <string name="about_us">关于我们</string>
    <string name="search_video_hu_ti">搜索视频、用户、话题</string>
    <string name="search_all">搜索</string>
    <string name="search_all_jilu">搜索记录</string>

    <!--注销账号-->
    <string name="cancellation_account">注销账号</string>
    <string name="begin_cancellation_account">开始注销</string>
    <string name="back">返回</string>
    <string name="cancellation_desc">由于以下原因，暂时无法注销账号</string>
    <string name="cancellation_device">1.账户下已绑定皮克方设备</string>
    <string name="cancellation_device_no">1.账户下无绑定皮克方设备"</string>
    <string name="stand">台</string>
    <string name="you">您</string>
    <string name="cancellation_bang">的账户下已绑定</string>
    <string name="cancellation_haiyou">的账户下还有</string>
    <string name="pickfun_device">皮克方设备</string>
    <string name="share_device">共享设备</string>
    <string name="plese_yichu_cancellation_device">请先解除绑定和移除共享设备再尝试注销</string>
    <string name="jinxing_cancellation_caozuo">您正在进行注销账号操作</string>
    <string name="cancellation_device_no_de">的账户下未绑定皮克方设备</string>
    <string name="keyi_cancellation">您可以进行注销操作</string>
    <string name="jifen_yue">2.账户下存在方块（积分）余额</string>
    <string name="square_will_be_reset">方块余额，坚持注销，方块将清零回收。</string>
    <string name="cancellation_reason">请选择注销原因</string>
    <string name="the_account">该账号</string>
    <string name="a_total_of">上一共有</string>
    <string name="a_concern_there_is">个关注，有 </string>
    <string name="fans_access_to"> 位粉丝、获得 </string>
    <string name="thumb_up_still_remaining"> 次点赞 ，还剩余 </string>
    <string name="cancellation_qingling">方块余额未使用，注销后所有数据将清零处理。</string>
    <!--注销账号-->
    <!--弹窗-->
    <string name="prompt">提示</string>
    <string name="know">知道</string>
    <string name="my_know">我知道了</string>
    <string name="i_have_clear">我已清楚</string>
    <string name="i_think_again">我再想想</string>
    <string name="cruel_to_take">狠心取关</string>
    <string name="stay_again">留下来吧</string>
    <string name="delete_sucai">确定要删除素材视频？</string>
    <string name="delete_video_play">确定要删除视频？</string>
    <string name="is_exit_auount">是否退出当前账号？</string>
    <string name="delete_henxin">狠心删除？</string>
    <string name="delete_henxin_jie">狠心解绑</string>
    <string name="delete_henxin_yichu">狠心移除</string>
    <string name="delete_henxin_exit">狠心退出</string>
    <string name="zannot_exit">暂不退出</string>
    <string name="delete_kaolv">考虑一下？</string>

    <string name="delete_sucaique">素材视频删除无法恢复？</string>
    <string name="delete_queren">确认删除？</string>
    <string name="delete_successful">删除成功</string>
    <string name="delete_queren_pet">删除后不可恢复，确认删除这只小家伙吗？</string>
    <string name="sure_lahei_descni">拉黑后对方将无法查看您的作品 也搜索不到您</string>
    <string name="sure_yichu_guanzhu1">确认要解除黑名单</string>
    <string name="sure_yichu_guanzhu2">并关注Ta么？</string>
    <string name="sure_lahei">确认拉黑</string>
    <string name="sure_guanzhu">确认关注</string>

    <string name="delete_sure_desc">评论将被删除</string>

    <string name="desc_not_sure_fanhui">确认返回？</string>
    <string name="desc_not_sure_fanhui_desc">您还未保存修改内容</string>

    <string name="desc_not_sure_exit">退出后内容将不会保存，确认退出吗？</string>
    <string name="jiebang_gongxaing_exitdialog">解绑设备后无法抓拍您的宠物哦,同时将删除上传中的采趣素材,确认解绑设备么？</string>
    <string name="yihcu_gongxaing_exitdialog">移除共享设备后，您将不再享有设备的共享能力,同时每日短片也会同步移除，确认移除么？</string>
    <string name="yihcu_gongxaing_chengyuan_exitdialog">移除共享成员后，好友将不再享有 设备的共享能力，同时每日短片也会同步移除，确认移除么?</string>
    <string name="zhuanbei_guanbi_in_xiumian">准备关闭小皮然后进入休眠状态？</string>
    <string name="tongyi_shenqing_haoyou">同意好友的申请后，好友将享有共享设备的能力，确认么？</string>
    <!--弹窗-->
    <!--短信验证-->
    <string name="verification_code_to_issent">正在发送验证码至</string>
    <string name="verification_code_to_issentok">已发送验证码至</string>

    <string name="toresend">重新发送</string>
    <string name="hou_toresend">后重新发送</string>
    <string name="phone_nohefa">手机号不合法</string>
    <string name="phone_haoma">手机号</string>
    <!--短信验证-->
    <string name="feedback">意见反馈</string>
    <string name="enter_a_description_yuanyin">请选择举报原因</string>
    <string name="enter_a_description">请输入描述</string>
    <string name="enter_a_description_six">请输入6个字及以上的描述</string>
    <string name="complaint_reporting">投诉举报</string>
    <string name="jubao_chuli">您的举报已提交，我们会尽快处理</string>
    <string name="focuson">关注</string>
    <string name="jiafocuson">+关注</string>
    <string name="yifocuson">已关注</string>
    <string name="fans">粉丝</string>
    <string name="focus_on_each_other">互相关注</string>
    <string name="back_off">回关</string>
    <string name="no_more">没有更多了</string>
    <string name="no_morevideo">没有更多视频了</string>
    <string name="sure_focus_people">确认取消关注此人么?</string>
    <string name="double_quit">再按一次退出</string>
    <string name="bind_device">绑定设备</string>
    <string name="personal_information">个人信息</string>
    <string name="add_peter">添加宠物</string>
    <string name="my_peter">我的宠物</string>
    <string name="peter_xinxi">宠物信息</string>
    <string name="mm_peter">妹妹</string>
    <string name="didi_peter">弟弟</string>
    <string name="onneutered">已绝育</string>
    <string name="unneutered">未绝育</string>
    <string name="miao_peter">喵星人</string>
    <string name="wang_peter">汪星人</string>
    <string name="other">其他</string>
    <string name="ziji_look">仅自己可见</string>
    <string name="fans_look">粉丝可见</string>
    <string name="alls_look">所有人可见</string>
    <string name="with_you_always">与你相伴</string>
    <string name="ziliao_niname">昵称</string>
    <string name="ziliao_name">姓名</string>
    <string name="enter_niname">请输入昵称</string>
    <string name="select_petimage">请选择宠物头像</string>
    <string name="touxiang_image">头像</string>
    <string name="select_leibie">请选择类别</string>
    <string name="select_petleibie">请选择宠物类型</string>
    <string name="select_xbie">请选择性别</string>
    <string name="select_jueyu">请选择绝育情况</string>
    <string name="select_yimiao">请选择是否完成疫苗</string>
    <string name="select_zaoriqi">到家日期不能早于出生日期</string>
    <string name="select_biye_riqi">请选择毕业年份</string>
    <string name="check_ysxieyi">请先阅读并同意用户协议和隐私政策</string>
    <string name="enter_phonesure">请输入正确的手机号</string>
    <string name="enter_phone">请输入手机号</string>
    <string name="dangqian_ke_neicun">当前已用视频空间</string>
    <string name="memory_isfull">内存已满</string>
    <string name="shenme_caiqu">什么是采趣？</string>
    <string name="memory_notfull">可用内存</string>
    <string name="memory_up_chakan">素材上传中，请稍后查看。</string>
    <string name="memory_nocheck">未选中任何素材</string>
    <string name="chakan_all_sucai">查看全部素材</string>
    <string name="fail">失败</string>
    <string name="upload_zhong">上传中</string>
    <string name="zhuanma">转码中</string>
    <string name="yi_load">已下载</string>
    <string name="praise_your_work">赞了你的作品</string>
    <string name="wait">等</string>
    <string name="zanzuopin">人点赞了你的作品</string>
    <string name="comments">评论</string>
    <string name="tiao_comments">条评论</string>
    <string name="love_comments">喜欢就评论告诉TA</string>
    <string name="new_video_update">新的抓拍视频更新啦</string>
    <string name="zhineng_zhuapai">智能宠物抓拍机</string>
    <string name="attention_to_you">关注了你</string>
    <string name="reply_comments">回复了你的评论</string>
    <string name="comments_works">评论了你的作品</string>
    <string name="praise_comments">赞了你的评论</string>
    <string name="check_the_details">查看详情</string>
    <string name="but_careful_work">作品不过审</string>
    <string name="but_careful_work_nofabu">未通过平台审核,无法为您发布</string>
    <string name="to_report_results">举报处理结果</string>
    <string name="you_in">您于</string>
    <string name="send_feedback_fankui">提交的举报申请，平台已受理成功，感谢你的反馈。</string>
    <string name="video_operation_audit">视频审核中，无法操作</string>
    <string name="video_operation_fail">操作失败，视频未过审</string>
    <!--年月日-->

    <string name="tian_qian">天前</string>
    <string name="house_qian">小时前</string>
    <string name="fen_qian">分钟前</string>
    <string name="ganggang">刚刚</string>

    <string name="year">年</string>
    <string name="mouth">月</string>
    <string name="day">日</string>
    <string name="house">时</string>
    <string name="fen">分</string>
    <string name="jiechu_black">已解除黑名单</string>
    <string name="UserProfile">个人资料</string>
    <string name="the_unknown">未知</string>
    <string name="nan">男</string>
    <string name="nv">女</string>
    <string name="yingchang">隐藏</string>
    <string name="videoship">视频</string>
    <string name="yonghu">用户</string>
    <string name="huati">话题</string>
    <string name="search_emity">搜索内容为空，请先输入内容后重试</string>
    <string name="a_videoshi">个视频</string>
    <string name="device_setting">设备设置</string>
    <string name="alivc_little_setting_tittle">设置</string>
    <string name="aversion_new">已是最新版本</string>
    <string name="xiaci_shuo">下次再说</string>
    <string name="faxian_aversion_new">发现新版本</string>
    <string name="shengji_fail">升级失败</string>
    <string name="liji_newupdate">立即更新</string>
    <string name="release_fabu">发布</string>
    <string name="send_release_fabu_title">请输入发布视频标题</string>
    <string name="black_management">黑名单管理</string>
    <string name="login_immediately">马上登录</string>
    <string name="login_in">登录</string>

    <string name="suibian_guang">随便逛逛</string>
    <string name="you_login_immediately">您还没有登录</string>
    <string name="haode_ok">好的</string>
    <string name="story_desctime">您好！皮克方为您云端存储设备产出视频，最长储存30天，即</string>
    <string name="story_notlook_qianlook">为避免丢失视频，您可以选择【站内发布】视频，可至【我的发布】查看已发布视频！</string>
    <string name="story_notlook_qianlooknew">为避免丢失视频，您可以选择将视频【发布到广场】，之后可至个人中心查看已发布视频！</string>
    <string name="story_desctimenew">PICKFUN将自动为您生成的短视频每天从上午九点到8:30。同时,PICKFUN将为您在云存储视频长达7天,这意味着你将无法观看视频之前,</string>
    <string name="login_immediately_chakan">登录后解锁您的萌宠视频</string>
    <string name="jiance_no_device">监测到您未绑定设备</string>
    <string name="system_no_video">系统将无法为您生成毛孩子视频</string>
    <string name="jinri">今日</string>
    <string name="alivc_little_mine_reviewing">审核中</string>
    <string name="alivc_little_mine_reviewing_buguo">审核不通过</string>
    <string name="Look_at_all_the_pet">查看所有宠物</string>
    <string name="add_baobei">快快添加可爱宝贝</string>
    <string name="fangkuai">方块</string>
    <string name="share">分享</string>
    <string name="yingqu_li">赢取好礼</string>
    <string name="task_ka">做任务赢京东卡</string>
    <string name="dangqian_leiji">当前累计</string>
    <string name="login_look_guanzhu">登录后查看已关注内容</string>
    <string name="suibian_look">随便看看</string>
    <string name="fcous_shao_video">关注太少，暂无视频</string>
    <string name="fcous_shao_video_friends">你的朋友还没有发布任何东西</string>
    <!--绑定设备-->
    <string name="wifi_write_fail">WIFI写入失败，请重新尝试</string>
    <string name="wifi_connect_sure">连接成功</string>
    <string name="wifi_connect_fail">连接失败</string>
    <string name="chongxin_lianjie">重新连接</string>
    <string name="wifi_connect_loading">正在连接</string>
    <string name="connect_bluebooth_device">正在连接蓝牙设备</string>
    <string name="wifi_select">请选择WIFI</string>
    <string name="select_network">更换网络</string>
    <string name="enter_wifi_pass">输入WIFI密码</string>
    <string name="unknown_open_dingwei">unknown怎么办？打开定位服务</string>
    <string name="wifi_write_pass">输入密码</string>
    <string name="wifi_open">WiFi已打开</string>
    <string name="wifi_close">WiFi已关掉</string>
    <string name="has_been_disconnected">已经断开</string>
    <string name="connect_device">设备连接</string>
    <string name="connect_device_lian">连接</string>
    <string name="password_fail">密码错误</string>
    <string name="the_request_was_refused">请求被拒绝</string>
    <string name="reason_may_be_that">原因可能是：</string>
    <string name="reason_may_be_that1">(1)你选择了5G wifi (设备暂不支持5G wifi)；</string>
    <string name="reason_may_be_that2">(2)wifi名称错误！</string>
    <string name="lianjie_wu_close">连接过程中请勿关闭APP或者设备～</string>
    <string name="login_kan_device_new">登录后查看设备哦～</string>
    <string name="chazhao_fujin_shebei">正在寻找附近的蓝牙设备～</string>
    <string name="add_device_new">添加设备</string>
    <string name="open_lanya_kai">打开蓝牙</string>
    <string name="please_open_lanya">请打开蓝牙，连接设备</string>
    <string name="dangqian_add_device_new">当前暂未添加设备哦</string>
    <string name="add_device_new_device">二维码添加设备</string>
    <string name="add_device_shibie">请将二维码放置在识别框中</string>
    <string name="add_device_open_light">打开闪光灯</string>
    <string name="add_device_close_light">关闭闪光灯</string>
    <string name="equipment_positioning">设备定位？</string>
    <string name="erweima_desc_error">二维码信息错误，请重试</string>
    <string name="device_initialization">设备初始化</string>
    <string name="device_initialization_chenggong">初始化成功</string>
    <string name="please_device_initialization">请先初始化设备</string>
    <string name="please_device_wifi_work">请选择设备工作的WI-Fi</string>
    <string name="device_wifi_work_er_four">此设备只支持使用2.4GHz Wi-Fi连接使用</string>
    <string name="please_zhen_di">请使用细针插入摄像机底座的初始化孔，\n设备发出“滴”声后，即初始化成功</string>
    <string name="device_lixian">设备已离线</string>
    <string name="wode_device">我的设备</string>
    <string name="device_lixiannow">设备离线</string>
    <string name="device_mingcheng">设备名称</string>
    <string name="enter_device_mingcheng">请输入您的设备名称</string>
    <string name="enter_device_mingcheng_ten">请输入最多10个字设备名称</string>
    <string name="device_yixiumian">设备已休眠</string>
    <string name="device_guanli">设备管理</string>
    <string name="guanli">管理</string>
    <string name="all_quanxuan">全选</string>
    <string name="enter_guanjiance">可输入关键词选择话题</string>
    <string name="device_jiebang">解绑设备</string>
    <string name="yichu_gongxiang">移除共享</string>
    <string name="yichu_mo">移除</string>
    <string name="dingshi_kaiguanji">定时开关机</string>
    <string name="dangqian_newversion">当前为最新版本</string>
    <string name="shengji_not_outages">升级中，请勿断网断电哦</string>
    <string name="yi_copy">已复制</string>
    <string name="alivc_little_main_downloading">下载中</string>
    <string name="anzhuang_downloading">安装中</string>
    <string name="shengji_succes">升级成功</string>
    <string name="shengji_bao_loading">升级包下载中,请勿断电断网</string>
    <string name="gongxiang_shenqing">共享申请</string>
    <string name="gongxiang_mo">共享</string>
    <string name="my_chengyuan">我的成员</string>
    <string name="gongxiang_chengyuan">共享成员</string>
    <string name="dingshi_kaiguan">定时开关</string>
    <string name="dingshi_kaiqi">开启</string>
    <string name="alivc_little_main_dialog_close">关闭</string>
    <string name="equipment_serial_number">设备序列号</string>
    <string name="device_zhu">设备主</string>
    <string name="device_chengyuan">成员</string>
    <string name="guanli_kongjian">管理空间</string>
    <string name="device_online">在线</string>
    <string name="device_offline">离线</string>
    <string name="device_dormancy">休眠</string>
    <string name="zaogao_lixian">糟糕，离线了！</string>
    <string name="xiaopi_xiumian">小皮当前正在休眠噢zzZ</string>
    <string name="tijiao_shenqing">提交申请</string>
    <string name="the_countdown">倒计时</string>
    <string name="seconds">秒</string>
    <string name="quwei_caiqu">趣味素材 等你来采</string>
    <string name="quwei_sucai">趣味素材</string>
    <string name="quwei_sucai_haizi">暂无趣味素材噢～快去试试\n采趣 采集毛孩子的可爱片刻吧！</string>
    <string name="quwei_caiqu_time_end">今日采趣时间已全部使用，明日再来哦</string>
    <string name="quwei_caiqu_kongjian_man">设备存储空间已满，无法开启采趣</string>
    <string name="start_caiqu">开始采趣</string>
    <string name="end_caiqu">结束彩趣</string>
    <string name="start_shaohou">开始请稍后</string>
    <string name="end_shaohou">结束请稍后</string>
    <string name="device_offline_wufa_caiqu">设备不在线，无法开启采趣哦</string>
    <string name="device_xiumian_wufa_caiqu">设备休眠中，无法开启采趣哦</string>
    <string name="device_gongxiang_wufa_caiqu">共享设备无法开启采趣</string>
    <string name="device_zhengzai_caiqu">设备正在采趣请稍后</string>
    <string name="device_zhengzai_xiumian_guanbi">设备正在休眠中，请先关闭休眠模式</string>
    <string name="yi_fachu_shengqing">已发出共享申请</string>
    <string name="wait_device_zhu_aregree">等待设备主同意</string>
    <string name="all_wait_device_zhu_aregree">已发出共享申请\n等待设备主同意~</string>
    <string name="a_aount_ten">一个账号最多添加10个设备</string>
    <string name="saomiao_qrcode">扫描二维码</string>
    <string name="saomiao_qrcode_yaoqingma">可扫描设备二维码,共享邀请码</string>
    <string name="shebei_caiqu_tips">在设备正常工作时，采趣功能可以协助您在短时间内快速得到精彩瞬间的短视频素材；\n" +
                        "需要注意：\n" +
                        "1.每台设备每日可采集一段或者多段素材，目前每天素材总时长是120s；\n" +
                        "2.每台设备默认500MB存储空间，超出后请先自行下载保存素材，再继续使用；\n" +
                        "3.采趣功能是获取设备自动跟踪录制的素材，开启采趣前，请勿手动操作方向键，须保证设备处于自动跟踪模式；\n" +
                        "4.设备主才有权限使用采趣功能，可以在一个APP上同时操作多台设备进行采趣，解锁多机位素材；\n" +
                        "5.每段素材最短有效时长为5秒，有效采集素材对应一段广角素材和一段长焦素材；</string>
    <string name="please_login">请先登录</string>
    <string name="luzhi_succes_chakan_sucai">录制成功，请稍后前往我的素材查看哟</string>
    <string name="ziji_device">自己的设备</string>
    <string name="alivc_little_mine_dialog_confirm">确认</string>
    <string name="alivc_little_mine_dialog_cancel">取消</string>
    <string name="zhengzai_audio">正在录音</string>
    <string name="zhengzai_audio_not_start">录音尚未开始</string>
    <string name="not_audio_release">录音尚未初始化,请检查是否禁止了录音权限~</string>
    <string name="tips_fangkuai_wu">提示：方块，注销了奖励就没咯～</string>
    <string name="zhuxiao_shenqing">注销申请提交</string>
    <string name="liji_out">立即退出</string>
    <string name="zhuxiao_shenqing_tijiao_desc">您的注销申请已提交，账号已冻结，15天内可追回账号 如您需要追回账号，可在15天内正常登录 此账号，登录成功则注销程序自动失效</string>
    <string name="zhuxiao_yuanyin">请选择注销账号的原因</string>
    <string name="zhuxiao_yuanyin_yibai">请您输入注销账号的原因,不超过100字</string>
    <string name="shebei_connect_loading">设备连接中…</string>
    <string name="begin_tiyan">开始体验</string>
    <string name="update_wifi">修改WIFI</string>
    <string name="buguang_setting">补光灯设置</string>
    <string name="zidong_qiehuan">自动切换</string>
    <string name="guangxian_ruo_huan">光线较弱时，摄像机自动补光</string>
    <string name="gujian_shengji">固件升级</string>
    <string name="chongqi_shengji">升级中将自动离线重启</string>
    <string name="meiri_video_shuiyin">每日短片下载水印</string>
    <string name="meiri_video">每日短片</string>
    <string name="select_yuan_jubao">请选择举报原因（必填）</string>
    <string name="miaoshu_jubao_liyou">请描述您的举报理由，具体的举报内容</string>
    <string name="tupian_xuantian">图片(选填)</string>
    <string name="tijiao_mo">提交</string>
    <string name="fankui_sure">反馈成功</string>
    <string name="fankui_sure_xiaoxi">感谢您对pick fun的支持，我们会认真处理您的反馈，尽快修复和完善相关功能。</string>
    <string name="chanpin_jianyi">产品建议</string>
    <string name="gongneng_guzhang">功能故障</string>
    <string name="other_wenti">其他问题</string>
    <string name="questions_and_comments">问题和意见</string>
    <string name="lianxi_phone_tian">联系电话（选填）</string>
    <string name="bianyu_lianxi">便于我们与您联系</string>
    <string name="jiebang_device_wanfa">绑定设备，解锁更多玩法</string>
    <string name="beginshebei">开始绑定</string>
    <string name="tiaoguo">跳过引导</string>
    <string name="xiayibu">下一步</string>
    <string name="pet_nicheng">宠物昵称</string>
    <string name="pet_leibing">宠物类别</string>
    <string name="pet_pinzhong">宠物品种</string>
    <string name="pet_sex">宠物性别</string>
    <string name="enter_pet_pinzhong">请输入品种</string>
    <string name="chusheng_day">出生日期</string>
    <string name="please_chusheng_day">请选择您的出生日期</string>
    <string name="daojia_day">到家日期</string>
    <string name="select_chusheng_day">请选择日期</string>
    <string name="pet_jueyu">宠物绝育</string>
    <string name="custom_slogan">欢迎来到皮克方</string>
    <string name="prompt_phone">输入手机号</string>
    <string name="my_yuedu_tongyi">我已阅读并同意</string>
    <string name="yanzhengcode">获取验证码</string>
    <string name="wei_zhuce_aount">未注册手机号登录后自动创建新账号</string>
    <string name="logintext">立即登录</string>
    <string name="invite_code_generated">生成邀请码</string>
    <string name="all_message">全部消息</string>
    <string name="all_red">全部已读</string>
    <string name="jiancha_gengnew">检查更新</string>
    <string name="bangzhu_kefu">帮助与客服</string>
    <string name="tuichu_out">退出登录</string>
    <string name="sharehint">输入视频标题，可以获得 更多的赞哦～</string>
    <string name="meitian_kaitime">每天开机时间</string>
    <string name="meitian_guantime">每天关机时间</string>
    <string name="time_bianji">编辑</string>
    <string name="ziliao_bianji">编辑资料</string>
    <string name="zui_re">最热</string>
    <string name="zui_new">最新</string>
    <string name="huan_shouji">换绑手机</string>
    <string name="wonthepraise">获赞</string>
    <string name="ta_pet">TA的宠物</string>
    <string name="delete_pet">删除宠物</string>
    <string name="sex">性别</string>
    <string name="shengri">生日</string>
    <string name="alivc_little_user_setting_input_nickname">请输入用户姓名</string>
    <string name="gongxiang_device_tequan">共享设备后你将获得以下特权</string>
    <string name="yuancheng_device_tequan">远程查看设备\n体验云撸宠的快乐</string>
    <string name="yuancheng_device_kuaile">收到皮克方传来的\n萌宠精彩瞬间</string>
    <string name="keai_xiang">小可爱表示有点想你，快来看看</string>
    <!--分享及更多-->
    <string name="shaore_more">分享及更多</string>
    <string name="icon_share">发布到广场</string>
    <string name="fabu_share_more_remen">发布到广场可被粉丝关注、点赞，更有机会上热门哦~</string>
    <string name="download">下载</string>
    <string name="quanxian">权限</string>
    <string name="entry">立即体验</string>
    <string name="alivc_little_play_date_none">暂无数据</string>
    <string name="live_play_loading">萌力太足，正在加载中...</string>
    <string name="live_play_changshijian_loading">长时间未操作，网络已断开，请点击重试?</string>
    <string name="zanshi_live">暂时离开</string>
    <string name="dianwo_shi">点我重试</string>
    <string name="qingxi_gao">清晰度：高清</string>
    <string name="qingxi_liu">清晰度：流畅</string>
    <string name="downvideo">视频下载中...</string>
    <string name="upvideo">视频上传中…</string>
    <string name="upimage">图片上传中…</string>
    <string name="thecancellation_qing">注销账号会清空所有的信息和数据，包含：</string>
    <string name="thecancellation_geren_ziliao">个人资料及宠物信息：</string>
    <string name="thecancellation_yun_video">云端存储的设备视频</string>
    <string name="thecancellation_dianzan_ping">点赞和收藏的作品信息</string>
    <string name="not_tongyi_out">不同意并退出</string>
    <string name="tongyi_in">同意并继续</string>
    <string name="chazhao_sou_blue">  查找设备</string>
    <string name="chazhao_sao_sao">  扫一扫</string>
    <!--空试图-->
    <string name="empty_black">您没有拉黑任何人喔 因为我们的口号是\n
                Peace Love (๑•̀ㅂ•́)و✧</string>
    <string name="empty_not_device">当前暂无设备哦～</string>
    <string name="empty_not_fans">您还没有粉丝哦～</string>
    <string name="empty_not_fuous">您还没有关注哦～</string>
    <string name="empty_not_haoyou_shenqing">暂无好友申请共享～</string>

    <string name="empty_not_message_desc">星球此刻格外安静</string>
    <string name="empty_not_message">暂无消息</string>
    <string name="hi_moren">hi,</string>


    <string name="empty_not_pet_desc">啊~主人太懒了，还没有上传宠物信息</string>
    <string name="empty_yingchang_pet">主人隐藏了宠物信息</string>
    <string name="empty_not_video">暂无发布视频哦～</string>
    <string name="empty_not_zhu_liu">主人懒懒 什么都没留下呢～</string>
    <string name="empty_not_jieguo">抱歉，没有搜到相关结果～</string>
    <string name="empty_yinsi_wufakan">由于对方隐私设置，您无法查看其作品</string>
    <string name="empty_yinsi_lahei_wufakan">您已拉黑此用户，无法查看TA的作品</string>
    <string name="empty_other_video_desc">主人还没有上传视频</string>

    <string name="empty_foot_video">视频了</string>
    <string name="empty_foot_video_meiri">你PICKFUN每日产生的片段</string>
    <string name="empty_foot_video_jiancha">你现在可以检查它</string>


    <string name="empty_my_video_collection">您还没有收藏视频</string>
    <string name="empty_my_video_zan">您还没有点赞视频</string>
    <string name="empty_my_video_fabu">您还没有发布视频</string>





    <string name="pet_age">年龄</string>
    <string name="pet_together">一起</string>
    <string name="auther">作者</string>
    <string name="add_di_pl">添加你的第一条评论吧</string>
    <string name="registered">注册</string>
    <string name="emial_dizhi">你的电子邮件地址是什么?</string>

    <string name="email_moren">邮箱</string>
    <string name="enter_emial_dizhi">输入邮箱地址</string>
    <string name="enter_emial_password">输入您的密码</string>

    <string name="enter_emial_dizhi_ture">请输入正确邮箱地址</string>
    <string name="enter_emial_next">下一步</string>
    <string name="enter_emial_pass_toast">请设置符合规则的密码</string>
    <string name="enter_emial_code">请输入验证码</string>
    <string name="enter_emial_code_hint">验证码</string>

    <string name="creat_pass">创建密码</string>
    <string name="creat_a_name">创建一个昵称</string>
    <string name="enter_emial_pass">密码</string>
    <string name="quanming">全名</string>
    <string name="huanying_qi">欢迎来到皮克方</string>
    <string name="forgot_password">忘记密码？</string>

    <string name="forgot_password_dialog_now">密码重置邮件已发送</string>
    <string name="forgot_password_dialog_nowdesc">电子邮件已经被发送到pickfun@gmail。\n请检查你的电子邮件和重置</string>
    <string name="send_email">发送邮件</string>

    <string name="new_password">新密码</string>
    <string name="queren_new_password">确认密码</string>
    <string name="new_password_tips">密码超过6个字符</string>
    <string name="new_password_not_tong">密码不一致</string>

    <string name="not_video_emity">没有视频</string>

    <string name="pet_no_zhuren">主人还没有上传的宠物信息</string>

    <string name="sui_mroen">岁</string>
    <string name="jinri_sheng">今日出生</string>
    <string name="clicking_terms">通过点击“注册”,你同意服务条款和隐私政策</string>






    <!--空试图-->
    <string-array name="listsex">
        <item>男</item>
        <item>女</item>
    </string-array>
    <string-array name="petsex">
        <item>弟弟</item>
        <item>妹妹</item>
    </string-array>
    <string-array name="jueyu">
        <item>已绝育</item>
        <item>未绝育</item>
    </string-array>
    <string-array name="yimiao">
        <item>已完成</item>
        <item>未完成</item>
    </string-array>
    <string-array name="petlx">
        <item>Cat</item>
        <item>Dog</item>
        <item>other</item>
    </string-array>
    <!-- oss  不做处理 -->

    <string name="select">选择图片</string>
    <string name="object_name">请输入OSS文件名</string>
    <string name="normal">普通上传下载</string>
    <string name="upload">上传</string>
    <string name="multipart_upload"> 上传</string>
    <string name="multipart_pause">暂停</string>
    <string name="multipart">断点续传上传</string>
    <string name="resize_width">缩略宽度</string>
    <string name="resize_height">缩略高度</string>
    <string name="resize">图片缩略</string>
    <string name="watermark">文字水印</string>
    <string name="watermark_hint">请输入水印文字</string>
    <string name="watermark_size">文字大小</string>
    <string name="stsserver">STS服务器地址</string>
    <string name="listObjects">listObjects</string>
    <string name="headObject">headObject</string>
    <string name="manageBuckets">manage</string>
    <string name="ossSign">ossSign</string>
    <string name="resumableUpload">resumable</string>
    <string name="multipartDownload">resumableDownload</string>
    <string name="multipartUpload">multipart</string>
    <string name="cutomSign">cutomsign</string>
    <string name="batch_upload">batch</string>
    <string name="trigger_callback">callback</string>
    <string name="image_persist">image persist</string>

    <!-- oss  不做处理 -->

</resources>